month,eco,opening_name,rating_bracket,white,draws,black,total,white_win_rate,low_confidence
2023-01,A00,Polish Opening,2000,11768,1282,10975,24025,0.4898231009365245,False
2023-02,A00,Polish Opening,2000,9822,1127,9074,20023,0.4905358837337062,False
2023-03,A00,Polish Opening,2000,11040,1247,10096,22383,0.4932314703122906,False
2023-04,A00,Polish Opening,2000,10374,1186,9546,21106,0.49151899933668153,False
2023-05,A00,Polish Opening,2000,11101,1218,9782,22101,0.5022849644812452,False
2023-06,A00,Polish Opening,2000,11622,1328,10454,23404,0.4965817808921552,False
2023-07,A00,Polish Opening,2000,10920,1234,9977,22131,0.4934255117256337,False
2023-08,A00,Polish Opening,2000,11263,1290,10345,22898,0.4918770198270591,False
2023-09,A00,Polish Opening,2000,10753,1138,9918,21809,0.493053326608281,False
2023-10,A00,Polish Opening,2000,11326,1278,9851,22455,0.5043865508795369,False
2023-11,A00,Polish Opening,2000,10752,1170,9536,21458,0.501071861310467,False
2023-12,A00,Polish Opening,2000,11733,1295,10310,23338,0.5027423086811209,False
2024-01,A00,Polish Opening,2000,11915,1329,10893,24137,0.4936404689895182,False
2024-02,A00,Polish Opening,2000,10170,1221,9501,20892,0.4867892016082711,False
2024-03,A00,Polish Opening,2000,10922,1283,10081,22286,0.4900834604684555,False
2024-04,A00,Polish Opening,2000,9658,1131,9015,19804,0.48767925671581497,False
2024-05,A00,Polish Opening,2000,10430,1228,9568,21226,0.49137849806840667,False
2024-06,A00,Polish Opening,2000,10723,1247,9466,21436,0.5002332524724762,False
2024-07,A00,Polish Opening,2000,10687,1217,9793,21697,0.49255657464165553,False
2024-08,A00,Polish Opening,2000,11860,1330,10545,23735,0.49968401095428694,False
2024-09,A00,Polish Opening,2000,10242,1132,9149,20523,0.49904984651366757,False
2024-10,A00,Polish Opening,2000,11020,1246,9791,22057,0.49961463480981094,False
2024-11,A00,Polish Opening,2000,10776,1176,9669,21621,0.4984043291244623,False
2024-12,A00,Polish Opening,2000,11351,1340,9852,22543,0.5035265936210798,False
2025-01,A00,Polish Opening,2000,11197,1287,10095,22579,0.4959032729527437,False
2025-02,A00,Polish Opening,2000,10143,1180,8893,20216,0.5017313019390581,False
2025-03,A00,Polish Opening,2000,10612,1213,9682,21507,0.49342074673362163,False
2025-04,A00,Polish Opening,2000,9775,1116,8714,19605,0.49859729660800817,False
2025-05,A00,Polish Opening,2000,10114,1190,9223,20527,0.4927169094363521,False
2025-06,A00,Polish Opening,2000,10211,1156,9083,20450,0.49931540342298286,False
2025-07,A00,Polish Opening,2000,10474,1225,9115,20814,0.5032189872201402,False
2025-08,A00,Polish Opening,2000,9540,1119,8723,19382,0.49220926632958417,False
2025-09,A00,Polish Opening,2000,8876,1030,7907,17813,0.4982877673609162,False
2025-10,A00,Polish Opening,2000,10129,1220,8759,20108,0.5037298587626815,False
2025-11,A00,Polish Opening,2000,9575,1093,8465,19133,0.5004442586107772,False
2025-12,A00,Polish Opening,2000,9458,1119,8433,19010,0.4975276170436612,False
2026-01,A00,Polish Opening,2000,9623,1130,8438,19191,0.5014329633682455,False
2026-02,A00,Polish Opening,2000,9310,1042,7963,18315,0.5083265083265083,False
2026-03,A00,Polish Opening,2000,9320,1146,8212,18678,0.4989827604668594,False
2023-01,A10,English Opening,2000,123747,13977,110137,247861,0.49925966569972685,False
2023-02,A10,English Opening,2000,112145,12943,98874,223962,0.5007322670810227,False
2023-03,A10,English Opening,2000,123758,13944,107459,245161,0.504802966214039,False
2023-04,A10,English Opening,2000,122437,13854,107250,243541,0.5027367055239159,False
2023-05,A10,English Opening,2000,124180,14328,109694,248202,0.5003182891354623,False
2023-06,A10,English Opening,2000,116056,13171,101599,230826,0.5027856480639096,False
2023-07,A10,English Opening,2000,117733,13624,103860,235217,0.500529298477576,False
2023-08,A10,English Opening,2000,117746,13244,104480,235470,0.5000467150804774,False
2023-09,A10,English Opening,2000,112692,12786,99264,224742,0.5014283044557759,False
2023-10,A10,English Opening,2000,118223,13498,103708,235429,0.5021598868448662,False
2023-11,A10,English Opening,2000,117161,13240,102432,232833,0.5031975707910821,False
2023-12,A10,English Opening,2000,123149,14158,107683,244990,0.5026694967141516,False
2024-01,A10,English Opening,2000,120648,13966,106191,240805,0.5010194971034655,False
2024-02,A10,English Opening,2000,112455,12989,98238,223682,0.5027449683032161,False
2024-03,A10,English Opening,2000,116450,13373,102116,231939,0.5020716653947805,False
2024-04,A10,English Opening,2000,109630,12416,95614,217660,0.5036754571349812,False
2024-05,A10,English Opening,2000,116759,13350,102377,232486,0.5022194884853282,False
2024-06,A10,English Opening,2000,109930,12392,96089,218411,0.5033171406202068,False
2024-07,A10,English Opening,2000,110985,12603,97186,220774,0.502708652286954,False
2024-08,A10,English Opening,2000,112411,12975,99403,224789,0.5000734021682556,False
2024-09,A10,English Opening,2000,106954,12236,94303,213493,0.5009719288220222,False
2024-10,A10,English Opening,2000,110831,12744,97378,220953,0.501604413608324,False
2024-11,A10,English Opening,2000,107080,12434,93756,213270,0.5020865569465935,False
2024-12,A10,English Opening,2000,119342,13705,104386,237433,0.5026344273963602,False
2025-01,A10,English Opening,2000,119294,13951,104607,237852,0.5015471805997006,False
2025-02,A10,English Opening,2000,101800,11820,88702,202322,0.5031583317681715,False
2025-03,A10,English Opening,2000,113513,13172,99802,226487,0.5011899137698852,False
2025-04,A10,English Opening,2000,106277,12155,93148,211580,0.50230172984214,False
2025-05,A10,English Opening,2000,107873,12481,94973,215327,0.5009729388325663,False
2025-06,A10,English Opening,2000,104956,11946,92123,209025,0.5021217557708408,False
2025-07,A10,English Opening,2000,110550,12677,96502,219729,0.5031197520582171,False
2025-08,A10,English Opening,2000,107533,12486,93991,214010,0.5024671744311013,False
2025-09,A10,English Opening,2000,102315,11343,89493,203151,0.5036401494454864,False
2025-10,A10,English Opening,2000,106215,12025,93317,211557,0.5020632737276479,False
2025-11,A10,English Opening,2000,102683,11723,89475,203881,0.5036418302833515,False
2025-12,A10,English Opening,2000,108929,12628,95176,216733,0.5025953592669321,False
2026-01,A10,English Opening,2000,108303,12719,94294,215316,0.5029955971688124,False
2026-02,A10,English Opening,2000,96434,11124,84348,191906,0.502506435442352,False
2026-03,A10,English Opening,2000,100047,11919,87626,199592,0.5012575654334843,False
2023-01,A45,Trompowsky Attack,2000,10595,1215,9516,21326,0.49681140392009754,False
2023-02,A45,Trompowsky Attack,2000,9528,1051,8632,19211,0.4959658528967779,False
2023-03,A45,Trompowsky Attack,2000,10099,1151,9032,20282,0.4979291983039148,False
2023-04,A45,Trompowsky Attack,2000,10644,1163,9387,21194,0.5022176087571955,False
2023-05,A45,Trompowsky Attack,2000,10933,1153,9547,21633,0.5053852909906162,False
2023-06,A45,Trompowsky Attack,2000,10122,1055,9336,20513,0.49344318237215423,False
2023-07,A45,Trompowsky Attack,2000,10452,1185,9047,20684,0.5053181202862116,False
2023-08,A45,Trompowsky Attack,2000,10758,1166,9436,21360,0.5036516853932584,False
2023-09,A45,Trompowsky Attack,2000,9973,1065,8868,19906,0.5010047221943132,False
2023-10,A45,Trompowsky Attack,2000,10390,1145,9175,20710,0.5016900048285853,False
2023-11,A45,Trompowsky Attack,2000,10355,1145,9283,20783,0.4982437569167108,False
2023-12,A45,Trompowsky Attack,2000,10616,1147,9422,21185,0.5011092754307293,False
2024-01,A45,Trompowsky Attack,2000,10659,1156,9551,21366,0.4988767200224656,False
2024-02,A45,Trompowsky Attack,2000,9436,995,8342,18773,0.5026367655675704,False
2024-03,A45,Trompowsky Attack,2000,9821,1080,8561,19462,0.5046243962593773,False
2024-04,A45,Trompowsky Attack,2000,9713,1081,8723,19517,0.49766869908285083,False
2024-05,A45,Trompowsky Attack,2000,10242,1076,9037,20355,0.503168754605748,False
2024-06,A45,Trompowsky Attack,2000,9845,1131,8673,19649,0.5010433100921167,False
2024-07,A45,Trompowsky Attack,2000,9904,1092,8695,19691,0.5029709004113554,False
2024-08,A45,Trompowsky Attack,2000,9687,1050,8508,19245,0.5033515198752923,False
2024-09,A45,Trompowsky Attack,2000,9586,1015,8500,19101,0.5018585414376211,False
2024-10,A45,Trompowsky Attack,2000,9995,1174,8780,19949,0.5010276204321018,False
2024-11,A45,Trompowsky Attack,2000,9487,1025,8631,19143,0.49558585383691167,False
2024-12,A45,Trompowsky Attack,2000,10168,1121,8860,20149,0.5046404288053997,False
2025-01,A45,Trompowsky Attack,2000,10229,1124,9102,20455,0.5000733317037399,False
2025-02,A45,Trompowsky Attack,2000,8384,982,7487,16853,0.4974781937933899,False
2025-03,A45,Trompowsky Attack,2000,9414,1005,8100,18519,0.5083427830876397,False
2025-04,A45,Trompowsky Attack,2000,8671,926,7711,17308,0.5009822047608042,False
2025-05,A45,Trompowsky Attack,2000,8511,936,7722,17169,0.4957190284815656,False
2025-06,A45,Trompowsky Attack,2000,8632,916,7802,17350,0.49752161383285304,False
2025-07,A45,Trompowsky Attack,2000,9005,1051,8175,18231,0.4939388952882453,False
2025-08,A45,Trompowsky Attack,2000,8851,1041,7810,17702,0.5,False
2025-09,A45,Trompowsky Attack,2000,8908,971,7700,17579,0.5067409977814438,False
2025-10,A45,Trompowsky Attack,2000,9101,1025,8097,18223,0.4994238050814904,False
2025-11,A45,Trompowsky Attack,2000,8904,971,7774,17649,0.5045045045045045,False
2025-12,A45,Trompowsky Attack,2000,9423,1060,8312,18795,0.5013567438148444,False
2026-01,A45,Trompowsky Attack,2000,9553,1033,8342,18928,0.5047020287404903,False
2026-02,A45,Trompowsky Attack,2000,8435,919,7273,16627,0.5073073915919889,False
2026-03,A45,Trompowsky Attack,2000,8540,937,7491,16968,0.5033003300330033,False
2023-01,B01,Scandinavian Defense,2000,116829,12904,112928,242661,0.4814494294509625,False
2023-02,B01,Scandinavian Defense,2000,104764,11382,101290,217436,0.48181533876634963,False
2023-03,B01,Scandinavian Defense,2000,112985,12717,109361,235063,0.48065837669050426,False
2023-04,B01,Scandinavian Defense,2000,107264,11858,104409,223531,0.4798618536131454,False
2023-05,B01,Scandinavian Defense,2000,108646,12062,104541,225249,0.4823373244720287,False
2023-06,B01,Scandinavian Defense,2000,104581,11687,101450,217718,0.48035072892457215,False
2023-07,B01,Scandinavian Defense,2000,107050,11506,102574,221130,0.48410437299326187,False
2023-08,B01,Scandinavian Defense,2000,106402,11694,101722,219818,0.4840458925110773,False
2023-09,B01,Scandinavian Defense,2000,102824,11160,98905,212889,0.482993484867701,False
2023-10,B01,Scandinavian Defense,2000,103008,11614,99748,214370,0.4805149974343425,False
2023-11,B01,Scandinavian Defense,2000,99307,11032,95650,205989,0.48209855866089935,False
2023-12,B01,Scandinavian Defense,2000,107349,12110,104073,223532,0.4802399656425031,False
2024-01,B01,Scandinavian Defense,2000,108704,12115,105012,225831,0.48135109883054145,False
2024-02,B01,Scandinavian Defense,2000,100218,11056,96918,208192,0.48137296341838304,False
2024-03,B01,Scandinavian Defense,2000,105410,11774,101931,219115,0.48107158341510164,False
2024-04,B01,Scandinavian Defense,2000,97407,10838,94620,202865,0.4801567544919035,False
2024-05,B01,Scandinavian Defense,2000,100565,11090,97094,208749,0.4817508107823271,False
2024-06,B01,Scandinavian Defense,2000,93591,10352,90647,194590,0.4809651061205612,False
2024-07,B01,Scandinavian Defense,2000,98222,11104,94898,204224,0.4809522876841116,False
2024-08,B01,Scandinavian Defense,2000,100933,11383,97550,209866,0.4809402189968837,False
2024-09,B01,Scandinavian Defense,2000,95418,10728,92130,198276,0.4812382739212008,False
2024-10,B01,Scandinavian Defense,2000,100512,10955,95360,206827,0.4859713673746658,False
2024-11,B01,Scandinavian Defense,2000,94518,10572,90267,195357,0.48382192601237733,False
2024-12,B01,Scandinavian Defense,2000,100180,11356,96509,208045,0.48153043812636687,False
2025-01,B01,Scandinavian Defense,2000,102523,11646,98349,212518,0.48242031263234175,False
2025-02,B01,Scandinavian Defense,2000,89647,10073,86227,185947,0.4821104938503982,False
2025-03,B01,Scandinavian Defense,2000,98982,10949,94691,204622,0.4837309771187849,False
2025-04,B01,Scandinavian Defense,2000,93714,10623,90823,195160,0.4801906128304981,False
2025-05,B01,Scandinavian Defense,2000,96611,11012,93829,201452,0.47957329785755415,False
2025-06,B01,Scandinavian Defense,2000,91789,10334,88706,190829,0.48100131531371015,False
2025-07,B01,Scandinavian Defense,2000,95297,10767,91538,197602,0.482267385957632,False
2025-08,B01,Scandinavian Defense,2000,93763,10566,89237,193566,0.48439808644080057,False
2025-09,B01,Scandinavian Defense,2000,86055,9357,83305,178717,0.48151546859000544,False
2025-10,B01,Scandinavian Defense,2000,89490,10091,86781,186362,0.48019446024404117,False
2025-11,B01,Scandinavian Defense,2000,87244,9787,84802,181833,0.4798028960639708,False
2025-12,B01,Scandinavian Defense,2000,92295,10488,88762,191545,0.4818449972591297,False
2026-01,B01,Scandinavian Defense,2000,90717,10333,86540,187590,0.4835918758995682,False
2026-02,B01,Scandinavian Defense,2000,79510,8886,76618,165014,0.4818379046626347,False
2026-03,B01,Scandinavian Defense,2000,83198,9508,79608,172314,0.48282786076581125,False
2023-01,B06,Modern Defense,2000,44543,4350,42823,91716,0.4856622617645776,False
2023-02,B06,Modern Defense,2000,40578,4017,38794,83389,0.48661094388948184,False
2023-03,B06,Modern Defense,2000,44129,4323,42482,90934,0.48528603162733414,False
2023-04,B06,Modern Defense,2000,42620,4232,40239,87091,0.4893731843703712,False
2023-05,B06,Modern Defense,2000,43368,4305,42024,89697,0.48349443125188135,False
2023-06,B06,Modern Defense,2000,41604,3929,39232,84765,0.49081578481684657,False
2023-07,B06,Modern Defense,2000,40904,4000,39673,84577,0.48363030138217245,False
2023-08,B06,Modern Defense,2000,40013,4082,38432,82527,0.4848473832806233,False
2023-09,B06,Modern Defense,2000,38722,3787,37363,79872,0.4848006810897436,False
2023-10,B06,Modern Defense,2000,40489,3977,38492,82958,0.4880662503917645,False
2023-11,B06,Modern Defense,2000,40094,3885,37969,81948,0.48926148289158977,False
2023-12,B06,Modern Defense,2000,42449,4168,41096,87713,0.48395334785037564,False
2024-01,B06,Modern Defense,2000,43646,4321,41722,89689,0.48663715728796175,False
2024-02,B06,Modern Defense,2000,39068,3848,37932,80848,0.4832277854739759,False
2024-03,B06,Modern Defense,2000,41554,4097,39686,85337,0.4869400142962607,False
2024-04,B06,Modern Defense,2000,39524,3918,37661,81103,0.48733092487330926,False
2024-05,B06,Modern Defense,2000,41835,4099,40000,85934,0.4868270998673401,False
2024-06,B06,Modern Defense,2000,39054,3781,37085,79920,0.48866366366366365,False
2024-07,B06,Modern Defense,2000,39558,3872,38131,81561,0.48501121859712365,False
2024-08,B06,Modern Defense,2000,41983,4062,39570,85615,0.49036967821059396,False
2024-09,B06,Modern Defense,2000,38038,3597,35862,77497,0.4908319031704453,False
2024-10,B06,Modern Defense,2000,38672,3773,36791,79236,0.48806098238174567,False
2024-11,B06,Modern Defense,2000,37350,3615,34663,75628,0.49386470619347334,False
2024-12,B06,Modern Defense,2000,40530,4099,38115,82744,0.48982403557961907,False
2025-01,B06,Modern Defense,2000,40191,3975,38535,82701,0.4859796133057641,False
2025-02,B06,Modern Defense,2000,35532,3389,33554,72475,0.49026560883063125,False
2025-03,B06,Modern Defense,2000,39333,3899,37178,80410,0.4891555776644696,False
2025-04,B06,Modern Defense,2000,36018,3526,34208,73752,0.48836641718190693,False
2025-05,B06,Modern Defense,2000,36897,3625,35120,75642,0.4877845641310383,False
2025-06,B06,Modern Defense,2000,34749,3362,33304,71415,0.48657844990548205,False
2025-07,B06,Modern Defense,2000,36340,3604,34984,74928,0.48499893230834934,False
2025-08,B06,Modern Defense,2000,36057,3632,33940,73629,0.4897119341563786,False
2025-09,B06,Modern Defense,2000,33760,3302,32467,69529,0.48555279092177367,False
2025-10,B06,Modern Defense,2000,35751,3438,34210,73399,0.48707748061962697,False
2025-11,B06,Modern Defense,2000,35919,3484,34284,73687,0.48745368925319255,False
2025-12,B06,Modern Defense,2000,36880,3610,34839,75329,0.4895856841322731,False
2026-01,B06,Modern Defense,2000,36833,3687,35536,76056,0.4842878931313769,False
2026-02,B06,Modern Defense,2000,32790,3287,31359,67436,0.48623880419953736,False
2026-03,B06,Modern Defense,2000,34258,3405,32683,70346,0.48699286384442614,False
2023-01,B07,Pirc Defense,2000,27408,2752,26977,57137,0.47968916813973433,False
2023-02,B07,Pirc Defense,2000,24578,2474,24367,51419,0.47799451564596745,False
2023-03,B07,Pirc Defense,2000,26595,2823,26134,55552,0.47874063940092165,False
2023-04,B07,Pirc Defense,2000,26690,2747,26091,55528,0.4806584065696585,False
2023-05,B07,Pirc Defense,2000,27794,2771,27556,58121,0.47820925310989143,False
2023-06,B07,Pirc Defense,2000,27620,2862,27077,57559,0.47985545266596014,False
2023-07,B07,Pirc Defense,2000,26895,2730,26337,55962,0.4805939744826847,False
2023-08,B07,Pirc Defense,2000,27501,2838,26615,56954,0.48286336341609015,False
2023-09,B07,Pirc Defense,2000,25503,2620,24953,53076,0.4804996608636672,False
2023-10,B07,Pirc Defense,2000,26651,2746,26020,55417,0.4809174080155909,False
2023-11,B07,Pirc Defense,2000,25598,2668,24999,53265,0.4805782408711161,False
2023-12,B07,Pirc Defense,2000,27988,2872,27318,58178,0.48107532056791225,False
2024-01,B07,Pirc Defense,2000,28242,2888,27298,58428,0.4833641404805915,False
2024-02,B07,Pirc Defense,2000,25683,2544,25176,53403,0.48092803775068815,False
2024-03,B07,Pirc Defense,2000,27224,2820,26504,56548,0.48143170403904645,False
2024-04,B07,Pirc Defense,2000,25150,2555,24681,52386,0.4800901004085061,False
2024-05,B07,Pirc Defense,2000,26737,2624,25720,55081,0.4854123926580854,False
2024-06,B07,Pirc Defense,2000,24519,2538,23733,50790,0.48275251033668043,False
2024-07,B07,Pirc Defense,2000,24670,2471,23848,50989,0.483829845652984,False
2024-08,B07,Pirc Defense,2000,25210,2525,24710,52445,0.48069406044427493,False
2024-09,B07,Pirc Defense,2000,24235,2482,23448,50165,0.4831057510216286,False
2024-10,B07,Pirc Defense,2000,24772,2489,24452,51713,0.47902848413358345,False
2024-11,B07,Pirc Defense,2000,23141,2359,22399,47899,0.4831207332094616,False
2024-12,B07,Pirc Defense,2000,25583,2654,25121,53358,0.47945949998125864,False
2025-01,B07,Pirc Defense,2000,26256,2636,25589,54481,0.4819294800022026,False
2025-02,B07,Pirc Defense,2000,22715,2353,22026,47094,0.4823332059285684,False
2025-03,B07,Pirc Defense,2000,24612,2538,23817,50967,0.48290070045323447,False
2025-04,B07,Pirc Defense,2000,24518,2630,23794,50942,0.48129245023752504,False
2025-05,B07,Pirc Defense,2000,25263,2674,24666,52603,0.4802577799745262,False
2025-06,B07,Pirc Defense,2000,24699,2670,24362,51731,0.4774506582126771,False
2025-07,B07,Pirc Defense,2000,25820,2627,25040,53487,0.48273412231009405,False
2025-08,B07,Pirc Defense,2000,25332,2698,24562,52592,0.4816702160024338,False
2025-09,B07,Pirc Defense,2000,23494,2442,22769,48705,0.4823734729493892,False
2025-10,B07,Pirc Defense,2000,23776,2401,22952,49129,0.4839504162510941,False
2025-11,B07,Pirc Defense,2000,24685,2546,23628,50859,0.48536148960852554,False
2025-12,B07,Pirc Defense,2000,25747,2689,24722,53158,0.4843485458444637,False
2026-01,B07,Pirc Defense,2000,25346,2718,24561,52625,0.48163420427553444,False
2026-02,B07,Pirc Defense,2000,22820,2440,22087,47347,0.4819735146894207,False
2026-03,B07,Pirc Defense,2000,24052,2446,22554,49052,0.4903367854521732,False
2023-01,B12,Caro-Kann Defense,2000,143426,16854,138845,299125,0.47948516506477223,False
2023-02,B12,Caro-Kann Defense,2000,129015,15611,126048,270674,0.4766434899547057,False
2023-03,B12,Caro-Kann Defense,2000,143704,17302,139434,300440,0.4783118093462921,False
2023-04,B12,Caro-Kann Defense,2000,138897,16557,135345,290799,0.4776391940825106,False
2023-05,B12,Caro-Kann Defense,2000,144338,17167,141241,302746,0.47676269876398036,False
2023-06,B12,Caro-Kann Defense,2000,135888,16033,131819,283740,0.4789173186720237,False
2023-07,B12,Caro-Kann Defense,2000,139226,16455,135208,290889,0.47862242986156234,False
2023-08,B12,Caro-Kann Defense,2000,140236,16826,136180,293242,0.4782261749681151,False
2023-09,B12,Caro-Kann Defense,2000,132149,16058,129292,277499,0.47621432870028363,False
2023-10,B12,Caro-Kann Defense,2000,134913,16166,130937,282016,0.47838775104958586,False
2023-11,B12,Caro-Kann Defense,2000,132303,15901,127634,275838,0.4796402236095099,False
2023-12,B12,Caro-Kann Defense,2000,141909,17126,137578,296613,0.4784314915394807,False
2024-01,B12,Caro-Kann Defense,2000,143007,16923,138583,298513,0.4790645633523498,False
2024-02,B12,Caro-Kann Defense,2000,131342,15613,126253,273208,0.4807399490498082,False
2024-03,B12,Caro-Kann Defense,2000,136469,16214,132398,285081,0.47870254418919533,False
2024-04,B12,Caro-Kann Defense,2000,127756,15199,123301,266256,0.4798239288504297,False
2024-05,B12,Caro-Kann Defense,2000,133765,15923,129074,278762,0.4798537820793365,False
2024-06,B12,Caro-Kann Defense,2000,128926,15155,124473,268554,0.4800747708095951,False
2024-07,B12,Caro-Kann Defense,2000,131644,15503,127114,274261,0.4799953329128093,False
2024-08,B12,Caro-Kann Defense,2000,132498,15873,128133,276504,0.47919017446402223,False
2024-09,B12,Caro-Kann Defense,2000,126029,14969,122037,263035,0.47913395555724525,False
2024-10,B12,Caro-Kann Defense,2000,133782,15876,128207,277865,0.4814640202976265,False
2024-11,B12,Caro-Kann Defense,2000,128367,15298,124381,268046,0.4788991441767458,False
2024-12,B12,Caro-Kann Defense,2000,140425,17189,135163,292777,0.4796312551873952,False
2025-01,B12,Caro-Kann Defense,2000,140689,16826,134041,291556,0.48254537721741275,False
2025-02,B12,Caro-Kann Defense,2000,122553,14591,118142,255286,0.4800615779948763,False
2025-03,B12,Caro-Kann Defense,2000,133822,16096,127118,277036,0.48304913440852454,False
2025-04,B12,Caro-Kann Defense,2000,128505,15240,121415,265160,0.4846319203499774,False
2025-05,B12,Caro-Kann Defense,2000,131517,15636,124660,271813,0.4838510299360222,False
2025-06,B12,Caro-Kann Defense,2000,126950,14955,121240,263145,0.48243363924832317,False
2025-07,B12,Caro-Kann Defense,2000,133701,15867,126962,276530,0.48349546161356816,False
2025-08,B12,Caro-Kann Defense,2000,130454,15679,123841,269974,0.48320949424759424,False
2025-09,B12,Caro-Kann Defense,2000,122615,14361,116673,253649,0.4834042318321775,False
2025-10,B12,Caro-Kann Defense,2000,127090,14992,121378,263460,0.4823882183253625,False
2025-11,B12,Caro-Kann Defense,2000,124014,14639,118115,256768,0.48298074526420737,False
2025-12,B12,Caro-Kann Defense,2000,130164,15777,124437,270378,0.4814149080176642,False
2026-01,B12,Caro-Kann Defense,2000,129076,15551,121706,266333,0.484641407561211,False
2026-02,B12,Caro-Kann Defense,2000,115473,13755,108811,238039,0.48510118089892834,False
2026-03,B12,Caro-Kann Defense,2000,119914,14446,113161,247521,0.48445990441215087,False
2023-01,B20,Sicilian Defense,2000,396074,41889,382075,820038,0.4829946904899529,False
2023-02,B20,Sicilian Defense,2000,360386,38198,348171,746755,0.48260272780229124,False
2023-03,B20,Sicilian Defense,2000,388131,41635,374940,804706,0.4823264645721543,False
2023-04,B20,Sicilian Defense,2000,374519,40548,361770,776837,0.48210757211615823,False
2023-05,B20,Sicilian Defense,2000,389450,41400,374716,805566,0.48344890424868975,False
2023-06,B20,Sicilian Defense,2000,371068,39273,355924,766265,0.4842554468754282,False
2023-07,B20,Sicilian Defense,2000,373553,39834,359024,772411,0.4836194720168408,False
2023-08,B20,Sicilian Defense,2000,377176,40635,363861,781672,0.4825246394907327,False
2023-09,B20,Sicilian Defense,2000,357326,38071,345673,741070,0.48217577286895974,False
2023-10,B20,Sicilian Defense,2000,358686,38584,347755,745025,0.4814415623636791,False
2023-11,B20,Sicilian Defense,2000,352774,37590,340455,730819,0.4827104932958776,False
2023-12,B20,Sicilian Defense,2000,372834,40122,361879,774835,0.48117857350274573,False
2024-01,B20,Sicilian Defense,2000,374662,40174,362062,776898,0.4822537836369768,False
2024-02,B20,Sicilian Defense,2000,343559,36981,331502,712042,0.482498223419405,False
2024-03,B20,Sicilian Defense,2000,360609,39316,348204,748129,0.48201446541973375,False
2024-04,B20,Sicilian Defense,2000,340515,36451,328451,705417,0.48271447952062396,False
2024-05,B20,Sicilian Defense,2000,352198,37766,339635,729599,0.4827281835638481,False
2024-06,B20,Sicilian Defense,2000,335058,36152,324179,695389,0.48182815661449924,False
2024-07,B20,Sicilian Defense,2000,340880,36954,328475,706309,0.4826216287772066,False
2024-08,B20,Sicilian Defense,2000,347248,37575,333629,718452,0.48332804418388425,False
2024-09,B20,Sicilian Defense,2000,329225,35067,317620,681912,0.4827969004798273,False
2024-10,B20,Sicilian Defense,2000,346620,37174,332540,716334,0.48388042449471896,False
2024-11,B20,Sicilian Defense,2000,331022,35768,319203,685993,0.4825442825218333,False
2024-12,B20,Sicilian Defense,2000,354470,38623,342526,735619,0.48186629219745547,False
2025-01,B20,Sicilian Defense,2000,360342,39238,347051,746631,0.4826239467688858,False
2025-02,B20,Sicilian Defense,2000,314688,34532,302756,651976,0.4826680736714235,False
2025-03,B20,Sicilian Defense,2000,343910,37723,330714,712347,0.4827843733461361,False
2025-04,B20,Sicilian Defense,2000,323811,34960,311025,669796,0.48344719884860465,False
2025-05,B20,Sicilian Defense,2000,331823,36158,321238,689219,0.48144784168747523,False
2025-06,B20,Sicilian Defense,2000,323657,35330,311314,670301,0.48285322564042127,False
2025-07,B20,Sicilian Defense,2000,334809,36719,322408,693936,0.48247821124714674,False
2025-08,B20,Sicilian Defense,2000,332105,36504,317457,686066,0.484071503324753,False
2025-09,B20,Sicilian Defense,2000,311653,33617,298602,643872,0.4840294344217484,False
2025-10,B20,Sicilian Defense,2000,321807,35027,310603,667437,0.4821533717789095,False
2025-11,B20,Sicilian Defense,2000,314726,33883,301675,650284,0.4839823830818535,False
2025-12,B20,Sicilian Defense,2000,330758,36585,318929,686272,0.4819634197519351,False
2026-01,B20,Sicilian Defense,2000,325437,36173,313502,675112,0.4820489044780718,False
2026-02,B20,Sicilian Defense,2000,289725,31681,277796,599202,0.48351807904513,False
2026-03,B20,Sicilian Defense,2000,301607,33241,288473,623321,0.4838710712457947,False
2023-01,C00,French Defense,2000,172383,19270,164209,355862,0.4844096869011021,False
2023-02,C00,French Defense,2000,157838,17436,148746,324020,0.4871242515894081,False
2023-03,C00,French Defense,2000,172445,19216,163263,354924,0.48586457945926453,False
2023-04,C00,French Defense,2000,165855,18680,157364,341899,0.4850994007002068,False
2023-05,C00,French Defense,2000,170563,19213,161852,351628,0.48506660447973426,False
2023-06,C00,French Defense,2000,162634,18219,153271,334124,0.4867474350839808,False
2023-07,C00,French Defense,2000,164648,18316,155679,338643,0.48619933085875094,False
2023-08,C00,French Defense,2000,163531,18195,153953,335679,0.48716482115354254,False
2023-09,C00,French Defense,2000,155442,17094,147259,319795,0.4860676370800044,False
2023-10,C00,French Defense,2000,158429,17576,150295,326300,0.4855317192767392,False
2023-11,C00,French Defense,2000,155227,17449,147405,320081,0.48496161909016783,False
2023-12,C00,French Defense,2000,165456,18342,157370,341168,0.4849692819959668,False
2024-01,C00,French Defense,2000,166549,18768,157540,342857,0.48576811907004963,False
2024-02,C00,French Defense,2000,150778,16749,142305,309832,0.4866443750161378,False
2024-03,C00,French Defense,2000,159656,18037,151712,329405,0.48467995324903995,False
2024-04,C00,French Defense,2000,147600,16589,140670,304859,0.48415825020747294,False
2024-05,C00,French Defense,2000,153467,17087,145220,315774,0.48600264746305905,False
2024-06,C00,French Defense,2000,142967,16121,137182,296270,0.4825564518851048,False
2024-07,C00,French Defense,2000,147493,16358,139377,303228,0.4864095663988814,False
2024-08,C00,French Defense,2000,152296,16918,143315,312529,0.48730197837640665,False
2024-09,C00,French Defense,2000,139765,15768,132573,288106,0.48511658903320304,False
2024-10,C00,French Defense,2000,149606,17204,143234,310044,0.48253151165641006,False
2024-11,C00,French Defense,2000,146308,16826,138505,301639,0.4850433796690746,False
2024-12,C00,French Defense,2000,161865,18397,152782,333044,0.48601686263676874,False
2025-01,C00,French Defense,2000,160150,18059,150351,328560,0.4874299975651327,False
2025-02,C00,French Defense,2000,140481,16074,132646,289201,0.48575558175801603,False
2025-03,C00,French Defense,2000,152991,17251,144986,315228,0.48533442460695114,False
2025-04,C00,French Defense,2000,143669,16211,135085,294965,0.4870713474480023,False
2025-05,C00,French Defense,2000,148859,16943,140072,305874,0.48666771284908167,False
2025-06,C00,French Defense,2000,142023,16093,134600,292716,0.4851904234821465,False
2025-07,C00,French Defense,2000,147565,16577,138376,302518,0.48778915634772146,False
2025-08,C00,French Defense,2000,144276,16374,135835,296485,0.48662158287940366,False
2025-09,C00,French Defense,2000,134851,14915,126940,276706,0.487343967966,False
2025-10,C00,French Defense,2000,142916,16133,134839,293888,0.48629409843205573,False
2025-11,C00,French Defense,2000,137566,15424,129509,282499,0.4869610157912063,False
2025-12,C00,French Defense,2000,143965,16288,135644,295897,0.4865375451592953,False
2026-01,C00,French Defense,2000,138291,15845,130899,285035,0.4851719964214921,False
2026-02,C00,French Defense,2000,124446,14249,117701,256396,0.48536638637108226,False
2026-03,C00,French Defense,2000,130473,15136,122310,267919,0.48698673852918234,False
2023-01,C20,King's Gambit,2000,31647,2748,31347,65742,0.48138176508168296,False
2023-02,C20,King's Gambit,2000,28963,2583,28849,60395,0.4795595661892541,False
2023-03,C20,King's Gambit,2000,31592,2823,31403,65818,0.47999027621623264,False
2023-04,C20,King's Gambit,2000,29676,2669,30227,62572,0.47426964137313815,False
2023-05,C20,King's Gambit,2000,30316,2614,30096,63026,0.4810078380350966,False
2023-06,C20,King's Gambit,2000,28819,2480,28930,60229,0.4784904281990403,False
2023-07,C20,King's Gambit,2000,29022,2527,29120,60669,0.47836621668397367,False
2023-08,C20,King's Gambit,2000,28641,2421,28522,59584,0.4806827336197637,False
2023-09,C20,King's Gambit,2000,28090,2415,28116,58621,0.4791798161068559,False
2023-10,C20,King's Gambit,2000,28486,2533,28451,59470,0.4789978140238776,False
2023-11,C20,King's Gambit,2000,27886,2480,27836,58202,0.4791244287137899,False
2023-12,C20,King's Gambit,2000,29044,2506,29054,60604,0.4792422942380041,False
2024-01,C20,King's Gambit,2000,28410,2532,28238,59180,0.4800608313619466,False
2024-02,C20,King's Gambit,2000,25554,2262,25268,53084,0.48138798884786377,False
2024-03,C20,King's Gambit,2000,27873,2459,27865,58197,0.4789422135161606,False
2024-04,C20,King's Gambit,2000,26597,2248,26000,54845,0.48494849120247974,False
2024-05,C20,King's Gambit,2000,26702,2381,26366,55449,0.48155963137297336,False
2024-06,C20,King's Gambit,2000,24531,2192,24673,51396,0.47729395283679665,False
2024-07,C20,King's Gambit,2000,25596,2188,25542,53326,0.4799909987623298,False
2024-08,C20,King's Gambit,2000,26382,2213,26096,54691,0.4823828417838401,False
2024-09,C20,King's Gambit,2000,25174,2146,24843,52163,0.4826026110461438,False
2024-10,C20,King's Gambit,2000,25466,2285,25347,53098,0.47960375155373086,False
2024-11,C20,King's Gambit,2000,24871,2209,24532,51612,0.48188405797101447,False
2024-12,C20,King's Gambit,2000,26212,2373,26012,54597,0.4800996391743136,False
2025-01,C20,King's Gambit,2000,25639,2205,25186,53030,0.48348104846313406,False
2025-02,C20,King's Gambit,2000,23154,2035,22969,48158,0.4807923917106192,False
2025-03,C20,King's Gambit,2000,25644,2272,25403,53319,0.48095425645642265,False
2025-04,C20,King's Gambit,2000,23251,2038,23164,48453,0.4798670876932285,False
2025-05,C20,King's Gambit,2000,24193,2022,24068,50283,0.48113676590497784,False
2025-06,C20,King's Gambit,2000,22961,2035,22594,47590,0.48247530993906285,False
2025-07,C20,King's Gambit,2000,23113,1961,23322,48396,0.4775807918009753,False
2025-08,C20,King's Gambit,2000,23209,2035,22996,48240,0.4811152570480929,False
2025-09,C20,King's Gambit,2000,21508,1968,21826,45302,0.47476932585757803,False
2025-10,C20,King's Gambit,2000,22481,1886,22114,46481,0.48365999010348315,False
2025-11,C20,King's Gambit,2000,22208,1835,21607,45650,0.4864841182913472,False
2025-12,C20,King's Gambit,2000,23247,2037,22738,48022,0.48409062513014867,False
2026-01,C20,King's Gambit,2000,22859,2013,22749,47621,0.48001931920791246,False
2026-02,C20,King's Gambit,2000,20369,1822,20320,42511,0.4791465738279504,False
2026-03,C20,King's Gambit,2000,20674,1891,20848,43413,0.4762168014189298,False
2023-01,C41,Philidor Defense,2000,25009,2425,21695,49129,0.5090476093549635,False
2023-02,C41,Philidor Defense,2000,22994,2132,19538,44664,0.5148217804048003,False
2023-03,C41,Philidor Defense,2000,24991,2418,21470,48879,0.5112829640540928,False
2023-04,C41,Philidor Defense,2000,24662,2470,20920,48052,0.5132356613668526,False
2023-05,C41,Philidor Defense,2000,24049,2402,20624,47075,0.5108656399362719,False
2023-06,C41,Philidor Defense,2000,23024,2295,19571,44890,0.5128981955892181,False
2023-07,C41,Philidor Defense,2000,23802,2307,20366,46475,0.5121463152232383,False
2023-08,C41,Philidor Defense,2000,23417,2259,20146,45822,0.5110427305661036,False
2023-09,C41,Philidor Defense,2000,23201,2202,19741,45144,0.5139331915647705,False
2023-10,C41,Philidor Defense,2000,23005,2235,19752,44992,0.5113131223328592,False
2023-11,C41,Philidor Defense,2000,22324,2208,18945,43477,0.5134668905398256,False
2023-12,C41,Philidor Defense,2000,23226,2360,19868,45454,0.5109781317375809,False
2024-01,C41,Philidor Defense,2000,23623,2312,20161,46096,0.5124739673724401,False
2024-02,C41,Philidor Defense,2000,21658,2177,18568,42403,0.5107657477065302,False
2024-03,C41,Philidor Defense,2000,22726,2254,19377,44357,0.5123430349212075,False
2024-04,C41,Philidor Defense,2000,21930,2106,18725,42761,0.5128504946095741,False
2024-05,C41,Philidor Defense,2000,22755,2241,19708,44704,0.5090148532569793,False
2024-06,C41,Philidor Defense,2000,21197,2128,18161,41486,0.5109434508026804,False
2024-07,C41,Philidor Defense,2000,21789,2152,18847,42788,0.5092315602505375,False
2024-08,C41,Philidor Defense,2000,21657,2189,18568,42414,0.5106097043429056,False
2024-09,C41,Philidor Defense,2000,20575,2063,17604,40242,0.5112817454400874,False
2024-10,C41,Philidor Defense,2000,21084,2097,17947,41128,0.5126434545808208,False
2024-11,C41,Philidor Defense,2000,20048,2005,17454,39507,0.5074543751740198,False
2024-12,C41,Philidor Defense,2000,21179,2104,18308,41591,0.5092207448726888,False
2025-01,C41,Philidor Defense,2000,22018,2276,18884,43178,0.5099356153596739,False
2025-02,C41,Philidor Defense,2000,19579,1964,16807,38350,0.5105345501955671,False
2025-03,C41,Philidor Defense,2000,20778,2076,18113,40967,0.5071887128664535,False
2025-04,C41,Philidor Defense,2000,19337,1973,16586,37896,0.5102649356132574,False
2025-05,C41,Philidor Defense,2000,19355,1913,16704,37972,0.509717686716528,False
2025-06,C41,Philidor Defense,2000,18304,1867,15970,36141,0.506460806286489,False
2025-07,C41,Philidor Defense,2000,18683,1844,16166,36693,0.5091706865069632,False
2025-08,C41,Philidor Defense,2000,17982,1768,15440,35190,0.5109974424552429,False
2025-09,C41,Philidor Defense,2000,17098,1794,14802,33694,0.5074493975188461,False
2025-10,C41,Philidor Defense,2000,18743,1842,16311,36896,0.5079954466608847,False
2025-11,C41,Philidor Defense,2000,18592,1875,15940,36407,0.5106710248029225,False
2025-12,C41,Philidor Defense,2000,18382,1944,16144,36470,0.5040307101727447,False
2026-01,C41,Philidor Defense,2000,18274,1824,15731,35829,0.5100337715258589,False
2026-02,C41,Philidor Defense,2000,16013,1615,13830,31458,0.5090279102295123,False
2026-03,C41,Philidor Defense,2000,16266,1656,14065,31987,0.5085190858786381,False
2023-01,C44,King's Pawn Game,2000,329788,32631,299446,661865,0.49827079540389657,False
2023-02,C44,King's Pawn Game,2000,299268,29670,272728,601666,0.49739888908464164,False
2023-03,C44,King's Pawn Game,2000,327343,32978,297456,657777,0.4976504195190771,False
2023-04,C44,King's Pawn Game,2000,314415,31473,286187,632075,0.497433057785864,False
2023-05,C44,King's Pawn Game,2000,324439,32700,295184,652323,0.4973594369660429,False
2023-06,C44,King's Pawn Game,2000,308082,30721,281050,619853,0.49702429446981783,False
2023-07,C44,King's Pawn Game,2000,307198,30584,280759,618541,0.49664937328325853,False
2023-08,C44,King's Pawn Game,2000,308094,30976,280981,620051,0.4968849336586829,False
2023-09,C44,King's Pawn Game,2000,294902,29550,269772,594224,0.49628086378200814,False
2023-10,C44,King's Pawn Game,2000,297781,29855,272487,600123,0.49619994567780273,False
2023-11,C44,King's Pawn Game,2000,289764,29219,264205,583188,0.4968620753513447,False
2023-12,C44,King's Pawn Game,2000,305167,30966,279380,615513,0.49579294019785125,False
2024-01,C44,King's Pawn Game,2000,305257,31122,277965,614344,0.496882853905955,False
2024-02,C44,King's Pawn Game,2000,277324,28372,252872,558568,0.4964910270548975,False
2024-03,C44,King's Pawn Game,2000,299107,30094,272124,601325,0.4974132124890866,False
2024-04,C44,King's Pawn Game,2000,286000,28523,259724,574247,0.49804352482468345,False
2024-05,C44,King's Pawn Game,2000,297128,29627,271141,597896,0.49695599234649507,False
2024-06,C44,King's Pawn Game,2000,274301,27569,250462,552332,0.4966234076606099,False
2024-07,C44,King's Pawn Game,2000,280046,28335,255553,563934,0.4965935730067703,False
2024-08,C44,King's Pawn Game,2000,283078,28701,259294,571073,0.49569494618026066,False
2024-09,C44,King's Pawn Game,2000,270563,27033,246524,544120,0.4972487686539734,False
2024-10,C44,King's Pawn Game,2000,283250,28557,256901,568708,0.4980587577456269,False
2024-11,C44,King's Pawn Game,2000,266032,27485,243019,536536,0.49583252568327196,False
2024-12,C44,King's Pawn Game,2000,285709,29313,259965,574987,0.49689645157194856,False
2025-01,C44,King's Pawn Game,2000,287692,29592,260449,577733,0.4979670539851454,False
2025-02,C44,King's Pawn Game,2000,255218,26072,232308,513598,0.49692171698487925,False
2025-03,C44,King's Pawn Game,2000,274615,28039,251650,554304,0.4954230891352038,False
2025-04,C44,King's Pawn Game,2000,256777,26233,233765,516775,0.4968835566736007,False
2025-05,C44,King's Pawn Game,2000,264271,26756,241077,532104,0.4966529099574519,False
2025-06,C44,King's Pawn Game,2000,256054,25935,232364,514353,0.4978176466356763,False
2025-07,C44,King's Pawn Game,2000,264738,26804,240081,531623,0.4979807118954597,False
2025-08,C44,King's Pawn Game,2000,259799,26575,236470,522844,0.4968958236108667,False
2025-09,C44,King's Pawn Game,2000,244820,24903,223930,493653,0.49593540401861225,False
2025-10,C44,King's Pawn Game,2000,253159,25667,231638,510464,0.4959389888415246,False
2025-11,C44,King's Pawn Game,2000,248924,25451,227994,502369,0.49550031948627404,False
2025-12,C44,King's Pawn Game,2000,262557,27102,240466,530125,0.4952737561895779,False
2026-01,C44,King's Pawn Game,2000,256451,26638,236641,519730,0.4934312046639601,False
2026-02,C44,King's Pawn Game,2000,226722,23690,207332,457744,0.4953030514872942,False
2026-03,C44,King's Pawn Game,2000,234686,24313,215195,474194,0.49491558307359435,False
2023-01,C50,Italian Game,2000,63534,6283,60373,130190,0.48800983178431523,False
2023-02,C50,Italian Game,2000,57091,5628,54860,117579,0.48555439321647575,False
2023-03,C50,Italian Game,2000,62596,6248,59148,127992,0.4890618163635227,False
2023-04,C50,Italian Game,2000,59424,5830,55853,121107,0.4906735366246377,False
2023-05,C50,Italian Game,2000,61698,6166,58408,126272,0.48861188545362394,False
2023-06,C50,Italian Game,2000,59041,5771,56814,121626,0.4854307467153405,False
2023-07,C50,Italian Game,2000,59011,5899,56527,121437,0.485939211278276,False
2023-08,C50,Italian Game,2000,60026,5928,57309,123263,0.48697500466482235,False
2023-09,C50,Italian Game,2000,57031,5646,54064,116741,0.48852588208084563,False
2023-10,C50,Italian Game,2000,56878,5715,54023,116616,0.4877375317280648,False
2023-11,C50,Italian Game,2000,54527,5369,51862,111758,0.4879024320406593,False
2023-12,C50,Italian Game,2000,58794,5937,55814,120545,0.4877348707951387,False
2024-01,C50,Italian Game,2000,58537,5864,55518,119919,0.48813782636613046,False
2024-02,C50,Italian Game,2000,53567,5410,50599,109576,0.48885704898882965,False
2024-03,C50,Italian Game,2000,58557,5648,54851,119056,0.4918441741701384,False
2024-04,C50,Italian Game,2000,55959,5546,52207,113712,0.49211165048543687,False
2024-05,C50,Italian Game,2000,58363,5868,55261,119492,0.4884260034144545,False
2024-06,C50,Italian Game,2000,53320,5170,50571,109061,0.48890070694382043,False
2024-07,C50,Italian Game,2000,53310,5368,50795,109473,0.48696938971253184,False
2024-08,C50,Italian Game,2000,54435,5407,52261,112103,0.48558022532849254,False
2024-09,C50,Italian Game,2000,53205,5209,50832,109246,0.48702011972978415,False
2024-10,C50,Italian Game,2000,55586,5632,52884,114102,0.48716061068167077,False
2024-11,C50,Italian Game,2000,51229,5233,48983,105445,0.48583621793351983,False
2024-12,C50,Italian Game,2000,54790,5478,52158,112426,0.4873427854766691,False
2025-01,C50,Italian Game,2000,54914,5602,52018,112534,0.4879769669610962,False
2025-02,C50,Italian Game,2000,49293,4994,47270,101557,0.48537274633949407,False
2025-03,C50,Italian Game,2000,52178,5269,49820,107267,0.4864310552173548,False
2025-04,C50,Italian Game,2000,49087,4948,45958,99993,0.49090436330543136,False
2025-05,C50,Italian Game,2000,50410,5051,48496,103957,0.4849120309358677,False
2025-06,C50,Italian Game,2000,49476,5008,46988,101472,0.48758278145695366,False
2025-07,C50,Italian Game,2000,51488,5136,48662,105286,0.48902988051592805,False
2025-08,C50,Italian Game,2000,50250,4937,47579,102766,0.48897495280540254,False
2025-09,C50,Italian Game,2000,46992,4675,44553,96220,0.4883807940137186,False
2025-10,C50,Italian Game,2000,47593,4783,45732,98108,0.4851082480531659,False
2025-11,C50,Italian Game,2000,46604,4711,44790,96105,0.4849279433952448,False
2025-12,C50,Italian Game,2000,49710,5101,47919,102730,0.4838898082351796,False
2026-01,C50,Italian Game,2000,47855,5058,46834,99747,0.4797638024201229,False
2026-02,C50,Italian Game,2000,42417,4365,40378,87160,0.48665672326755394,False
2026-03,C50,Italian Game,2000,43503,4401,41551,89455,0.4863115532949528,False
2023-01,C60,Ruy Lopez,2000,50137,5337,43963,99437,0.504208694952583,False
2023-02,C60,Ruy Lopez,2000,45419,4911,40153,90483,0.5019616944619432,False
2023-03,C60,Ruy Lopez,2000,49243,5376,43383,98002,0.5024693373604621,False
2023-04,C60,Ruy Lopez,2000,49015,5271,43229,97515,0.5026406193918884,False
2023-05,C60,Ruy Lopez,2000,51339,5694,45411,102444,0.5011420873843271,False
2023-06,C60,Ruy Lopez,2000,47536,5141,41313,93990,0.5057559314820725,False
2023-07,C60,Ruy Lopez,2000,46883,5005,41858,93746,0.5001066712179719,False
2023-08,C60,Ruy Lopez,2000,48114,5171,42060,95345,0.5046305522051497,False
2023-09,C60,Ruy Lopez,2000,45511,4943,40214,90668,0.5019521771738651,False
2023-10,C60,Ruy Lopez,2000,45819,4946,40789,91554,0.5004587456583001,False
2023-11,C60,Ruy Lopez,2000,44710,4784,39422,88916,0.5028341355886454,False
2023-12,C60,Ruy Lopez,2000,46121,4904,40844,91869,0.5020300645484331,False
2024-01,C60,Ruy Lopez,2000,46458,5108,41103,92669,0.5013327002557489,False
2024-02,C60,Ruy Lopez,2000,41886,4599,37393,83878,0.4993681299029543,False
2024-03,C60,Ruy Lopez,2000,45348,4924,39957,90229,0.5025878597790068,False
2024-04,C60,Ruy Lopez,2000,44025,4696,38657,87378,0.5038453615326512,False
2024-05,C60,Ruy Lopez,2000,44737,4666,39509,88912,0.5031604282886449,False
2024-06,C60,Ruy Lopez,2000,41249,4509,36430,82188,0.5018859200856572,False
2024-07,C60,Ruy Lopez,2000,42294,4676,37121,84091,0.5029551319403979,False
2024-08,C60,Ruy Lopez,2000,42951,4599,38255,85805,0.5005652351261581,False
2024-09,C60,Ruy Lopez,2000,40864,4348,35720,80932,0.5049177086937182,False
2024-10,C60,Ruy Lopez,2000,42437,4588,37464,84489,0.5022784031057297,False
2024-11,C60,Ruy Lopez,2000,40103,4420,35649,80172,0.5002120441051738,False
2024-12,C60,Ruy Lopez,2000,43148,4688,38182,86018,0.5016159408495896,False
2025-01,C60,Ruy Lopez,2000,42830,4738,37672,85240,0.5024636320976068,False
2025-02,C60,Ruy Lopez,2000,38155,4237,33241,75633,0.5044755596102231,False
2025-03,C60,Ruy Lopez,2000,40460,4453,36262,81175,0.49842931937172774,False
2025-04,C60,Ruy Lopez,2000,38293,4233,33737,76263,0.5021176717412114,False
2025-05,C60,Ruy Lopez,2000,39594,4272,35017,78883,0.5019332429040477,False
2025-06,C60,Ruy Lopez,2000,38701,4088,33847,76636,0.5049976512344068,False
2025-07,C60,Ruy Lopez,2000,40307,4276,35276,79859,0.5047270814811105,False
2025-08,C60,Ruy Lopez,2000,39864,4378,35707,79949,0.4986178688914183,False
2025-09,C60,Ruy Lopez,2000,37455,4008,33199,74662,0.5016608180868447,False
2025-10,C60,Ruy Lopez,2000,39173,4223,34254,77650,0.5044816484224083,False
2025-11,C60,Ruy Lopez,2000,37879,4143,33179,75201,0.5037034081993591,False
2025-12,C60,Ruy Lopez,2000,40015,4298,35676,79989,0.5002562852392204,False
2026-01,C60,Ruy Lopez,2000,39487,4353,35201,79041,0.4995761693298415,False
2026-02,C60,Ruy Lopez,2000,34762,3835,30782,69379,0.5010449847936695,False
2026-03,C60,Ruy Lopez,2000,36322,3994,32497,72813,0.4988394929476879,False
2023-01,D00,London System,2000,13698,1869,12457,28024,0.4887953182986012,False
2023-02,D00,London System,2000,13006,1783,11617,26406,0.49253957433916534,False
2023-03,D00,London System,2000,13761,1928,12504,28193,0.4880998829496684,False
2023-04,D00,London System,2000,14650,2039,12968,29657,0.49398118488046666,False
2023-05,D00,London System,2000,15277,2088,13583,30948,0.4936344836499935,False
2023-06,D00,London System,2000,14427,2004,12947,29378,0.49108176186261826,False
2023-07,D00,London System,2000,14536,1891,12974,29401,0.4944049522125098,False
2023-08,D00,London System,2000,14230,2069,12933,29232,0.48679529282977557,False
2023-09,D00,London System,2000,13750,1842,12419,28011,0.4908785834136589,False
2023-10,D00,London System,2000,13465,1805,12140,27410,0.49124407150674937,False
2023-11,D00,London System,2000,13218,1904,11985,27107,0.48762312317851475,False
2023-12,D00,London System,2000,13852,1871,12580,28303,0.4894180828887397,False
2024-01,D00,London System,2000,14249,1970,12709,28928,0.49256775442477874,False
2024-02,D00,London System,2000,12911,1840,11446,26197,0.49284269191128754,False
2024-03,D00,London System,2000,13280,1756,11806,26842,0.4947470382236793,False
2024-04,D00,London System,2000,12860,1755,11337,25952,0.49553020961775585,False
2024-05,D00,London System,2000,12994,1792,11768,26554,0.48934247194396324,False
2024-06,D00,London System,2000,12478,1722,11189,25389,0.4914726850210721,False
2024-07,D00,London System,2000,12479,1824,11448,25751,0.48460253970719586,False
2024-08,D00,London System,2000,12761,1848,11629,26238,0.4863556673526946,False
2024-09,D00,London System,2000,12252,1668,10956,24876,0.49252291365171247,False
2024-10,D00,London System,2000,12946,1694,11715,26355,0.49121608802883704,False
2024-11,D00,London System,2000,12164,1687,10728,24579,0.4948940152162415,False
2024-12,D00,London System,2000,13099,1798,11747,26644,0.49163038582795376,False
2025-01,D00,London System,2000,13644,1930,12154,27728,0.492065781881131,False
2025-02,D00,London System,2000,11986,1703,10499,24188,0.49553497602116753,False
2025-03,D00,London System,2000,12990,1775,11757,26522,0.4897820677173667,False
2025-04,D00,London System,2000,12131,1682,10854,24667,0.49179065147768275,False
2025-05,D00,London System,2000,12569,1758,11295,25622,0.4905549918039185,False
2025-06,D00,London System,2000,12339,1798,11103,25240,0.4888668779714738,False
2025-07,D00,London System,2000,12618,1818,11383,25819,0.48870986482822726,False
2025-08,D00,London System,2000,12837,1824,11506,26167,0.49057973783773456,False
2025-09,D00,London System,2000,11703,1657,10681,24041,0.4867933946175284,False
2025-10,D00,London System,2000,12198,1689,11000,24887,0.4901354120625226,False
2025-11,D00,London System,2000,11437,1649,10548,23634,0.4839214690699839,False
2025-12,D00,London System,2000,12007,1762,10908,24677,0.4865664383839203,False
2026-01,D00,London System,2000,11802,1628,10500,23930,0.4931884663602173,False
2026-02,D00,London System,2000,10736,1564,9701,22001,0.4879778191900368,False
2026-03,D00,London System,2000,10941,1526,9650,22117,0.49468734457657004,False
2023-01,D06,Queen's Gambit,2000,115338,13271,97874,226483,0.5092567654084412,False
2023-02,D06,Queen's Gambit,2000,104414,11894,88404,204712,0.5100531478369612,False
2023-03,D06,Queen's Gambit,2000,113605,12923,96805,223333,0.5086798637012891,False
2023-04,D06,Queen's Gambit,2000,110203,12510,93526,216239,0.5096351721937301,False
2023-05,D06,Queen's Gambit,2000,115121,13083,97847,226051,0.5092700319839328,False
2023-06,D06,Queen's Gambit,2000,108628,12326,91469,212423,0.5113758867919199,False
2023-07,D06,Queen's Gambit,2000,109121,12419,92210,213750,0.5105076023391812,False
2023-08,D06,Queen's Gambit,2000,108175,12229,91109,211513,0.5114342853630746,False
2023-09,D06,Queen's Gambit,2000,102557,11644,86635,200836,0.5106504809894641,False
2023-10,D06,Queen's Gambit,2000,104048,11715,87642,203405,0.5115311816327033,False
2023-11,D06,Queen's Gambit,2000,102503,11417,86660,200580,0.511033004287566,False
2023-12,D06,Queen's Gambit,2000,106801,12254,89566,208621,0.5119379161254141,False
2024-01,D06,Queen's Gambit,2000,107681,12329,90877,210887,0.5106099475074329,False
2024-02,D06,Queen's Gambit,2000,99016,11180,82893,193089,0.5127997969848102,False
2024-03,D06,Queen's Gambit,2000,104145,11949,88029,204123,0.5102070810246763,False
2024-04,D06,Queen's Gambit,2000,99720,11347,84116,195183,0.5109051505510214,False
2024-05,D06,Queen's Gambit,2000,102362,11837,86487,200686,0.5100604925106883,False
2024-06,D06,Queen's Gambit,2000,97286,11344,82620,191250,0.5086849673202615,False
2024-07,D06,Queen's Gambit,2000,98216,11347,83751,193314,0.5080645995634047,False
2024-08,D06,Queen's Gambit,2000,100346,11618,85312,197276,0.5086579208824186,False
2024-09,D06,Queen's Gambit,2000,93614,10727,79770,184111,0.5084650020911298,False
2024-10,D06,Queen's Gambit,2000,98394,11359,83784,193537,0.5083989108025856,False
2024-11,D06,Queen's Gambit,2000,94542,10996,79370,184908,0.511292102018301,False
2024-12,D06,Queen's Gambit,2000,99626,11725,84692,196043,0.508184428926307,False
2025-01,D06,Queen's Gambit,2000,102953,12141,87630,202724,0.5078481087587065,False
2025-02,D06,Queen's Gambit,2000,90105,10675,76148,176928,0.5092749593054802,False
2025-03,D06,Queen's Gambit,2000,98567,11970,83003,193540,0.5092849023457683,False
2025-04,D06,Queen's Gambit,2000,91927,10660,78400,180987,0.5079204583754634,False
2025-05,D06,Queen's Gambit,2000,94553,11272,80809,186634,0.5066225875242453,False
2025-06,D06,Queen's Gambit,2000,90585,10538,76529,177652,0.5099013802265102,False
2025-07,D06,Queen's Gambit,2000,93482,11048,79699,184229,0.5074228270250613,False
2025-08,D06,Queen's Gambit,2000,93727,11150,79879,184756,0.5073015220074044,False
2025-09,D06,Queen's Gambit,2000,89718,10329,75473,175520,0.5111554238833181,False
2025-10,D06,Queen's Gambit,2000,93838,11029,78854,183721,0.5107636035074924,False
2025-11,D06,Queen's Gambit,2000,90080,10300,75545,175925,0.5120363791388376,False
2025-12,D06,Queen's Gambit,2000,94740,11178,79590,185508,0.5107057377579404,False
2026-01,D06,Queen's Gambit,2000,90717,10709,76480,177906,0.5099153485548548,False
2026-02,D06,Queen's Gambit,2000,82512,9622,70128,162262,0.5085109267727502,False
2026-03,D06,Queen's Gambit,2000,86408,10311,73235,169954,0.5084199253915765,False
2023-01,D30,Queen's Gambit Declined,2000,55248,6682,47398,109328,0.5053417239865359,False
2023-02,D30,Queen's Gambit Declined,2000,50427,5924,43206,99557,0.5065138563837801,False
2023-03,D30,Queen's Gambit Declined,2000,54981,6757,48026,109764,0.5009019350606756,False
2023-04,D30,Queen's Gambit Declined,2000,53880,6418,46487,106785,0.5045652479280798,False
2023-05,D30,Queen's Gambit Declined,2000,56143,6680,48271,111094,0.5053648261832322,False
2023-06,D30,Queen's Gambit Declined,2000,52765,6219,44947,103931,0.5076926037467165,False
2023-07,D30,Queen's Gambit Declined,2000,53272,6184,45564,105020,0.5072557608074653,False
2023-08,D30,Queen's Gambit Declined,2000,52875,6292,45109,104276,0.5070677816563735,False
2023-09,D30,Queen's Gambit Declined,2000,49889,5962,42784,98635,0.5057940893192072,False
2023-10,D30,Queen's Gambit Declined,2000,50947,5960,43878,100785,0.5055018107853351,False
2023-11,D30,Queen's Gambit Declined,2000,50362,5904,43366,99632,0.5054801670146137,False
2023-12,D30,Queen's Gambit Declined,2000,52697,6427,44309,103433,0.5094795664826506,False
2024-01,D30,Queen's Gambit Declined,2000,52582,6337,45553,104472,0.5033118921816372,False
2024-02,D30,Queen's Gambit Declined,2000,48847,5843,41833,96523,0.5060659117516032,False
2024-03,D30,Queen's Gambit Declined,2000,51786,6357,45079,103222,0.5016953750169537,False
2024-04,D30,Queen's Gambit Declined,2000,49816,5931,42327,98074,0.5079429818300467,False
2024-05,D30,Queen's Gambit Declined,2000,49878,6116,42877,98871,0.5044755287192402,False
2024-06,D30,Queen's Gambit Declined,2000,47964,5905,41198,95067,0.504528385244091,False
2024-07,D30,Queen's Gambit Declined,2000,48410,5771,41749,95930,0.5046387991243615,False
2024-08,D30,Queen's Gambit Declined,2000,49082,5859,42005,96946,0.5062818476265137,False
2024-09,D30,Queen's Gambit Declined,2000,45779,5539,39849,91167,0.5021444162909825,False
2024-10,D30,Queen's Gambit Declined,2000,48610,5847,41740,96197,0.5053172136345209,False
2024-11,D30,Queen's Gambit Declined,2000,46495,5586,39590,91671,0.5071942053648373,False
2024-12,D30,Queen's Gambit Declined,2000,49583,6091,42969,98643,0.5026509737132894,False
2025-01,D30,Queen's Gambit Declined,2000,51454,6341,44196,101991,0.5044954947005128,False
2025-02,D30,Queen's Gambit Declined,2000,44321,5589,38190,88100,0.5030760499432463,False
2025-03,D30,Queen's Gambit Declined,2000,48888,6069,42003,96960,0.5042079207920792,False
2025-04,D30,Queen's Gambit Declined,2000,46201,5432,40081,91714,0.503750790500905,False
2025-05,D30,Queen's Gambit Declined,2000,47077,5760,41194,94031,0.50065403962523,False
2025-06,D30,Queen's Gambit Declined,2000,45083,5351,38603,89037,0.5063400608735694,False
2025-07,D30,Queen's Gambit Declined,2000,47373,5949,40875,94197,0.5029141055447626,False
2025-08,D30,Queen's Gambit Declined,2000,46966,5840,40568,93374,0.5029879838070554,False
2025-09,D30,Queen's Gambit Declined,2000,45156,5499,38517,89172,0.5063921410308169,False
2025-10,D30,Queen's Gambit Declined,2000,47313,5685,40260,93258,0.5073344914109246,False
2025-11,D30,Queen's Gambit Declined,2000,45570,5542,38627,89739,0.5078059706482132,False
2025-12,D30,Queen's Gambit Declined,2000,47471,5799,40801,94071,0.5046294819870099,False
2026-01,D30,Queen's Gambit Declined,2000,44569,5509,38778,88856,0.501586837129738,False
2026-02,D30,Queen's Gambit Declined,2000,41256,4912,35613,81781,0.5044692532495323,False
2026-03,D30,Queen's Gambit Declined,2000,42983,5329,36766,85078,0.5052187404499401,False
2023-01,D70,Grunfeld Defense,2000,9756,1341,9747,20844,0.4680483592400691,False
2023-02,D70,Grunfeld Defense,2000,8794,1252,8602,18648,0.4715787215787216,False
2023-03,D70,Grunfeld Defense,2000,9007,1253,9348,19608,0.4593533251733986,False
2023-04,D70,Grunfeld Defense,2000,9020,1292,8970,19282,0.46779379732392906,False
2023-05,D70,Grunfeld Defense,2000,9367,1355,9465,20187,0.46401149254470697,False
2023-06,D70,Grunfeld Defense,2000,8318,1171,8581,18070,0.46032097399003874,False
2023-07,D70,Grunfeld Defense,2000,8599,1308,8747,18654,0.46097351774418355,False
2023-08,D70,Grunfeld Defense,2000,8774,1293,8418,18485,0.47465512577765756,False
2023-09,D70,Grunfeld Defense,2000,8127,1090,8059,17276,0.47042139384116693,False
2023-10,D70,Grunfeld Defense,2000,8517,1213,8340,18070,0.47133370226895405,False
2023-11,D70,Grunfeld Defense,2000,8199,1115,7910,17224,0.4760218300046447,False
2023-12,D70,Grunfeld Defense,2000,7961,1238,8185,17384,0.4579498389323516,False
2024-01,D70,Grunfeld Defense,2000,8306,1216,8471,17993,0.4616239648752293,False
2024-02,D70,Grunfeld Defense,2000,7747,1082,7704,16533,0.4685779955241033,False
2024-03,D70,Grunfeld Defense,2000,8033,1159,7930,17122,0.4691624810185726,False
2024-04,D70,Grunfeld Defense,2000,7582,1137,7719,16438,0.461248327047086,False
2024-05,D70,Grunfeld Defense,2000,8076,1165,7929,17170,0.47035527082119977,False
2024-06,D70,Grunfeld Defense,2000,7621,1160,7584,16365,0.4656889703635808,False
2024-07,D70,Grunfeld Defense,2000,7463,1191,7597,16251,0.45923327795212604,False
2024-08,D70,Grunfeld Defense,2000,7832,1138,7717,16687,0.4693473961766645,False
2024-09,D70,Grunfeld Defense,2000,7033,1015,7197,15245,0.46133158412594294,False
2024-10,D70,Grunfeld Defense,2000,7513,1096,7511,16120,0.4660669975186104,False
2024-11,D70,Grunfeld Defense,2000,7020,1011,7072,15103,0.4648083162285639,False
2024-12,D70,Grunfeld Defense,2000,8072,1208,8137,17417,0.46345524487569617,False
2025-01,D70,Grunfeld Defense,2000,8498,1235,8407,18140,0.4684674751929438,False
2025-02,D70,Grunfeld Defense,2000,7288,1060,7387,15735,0.46317127422942483,False
2025-03,D70,Grunfeld Defense,2000,7701,1117,7730,16548,0.46537345902828137,False
2025-04,D70,Grunfeld Defense,2000,7148,1157,7246,15551,0.4596488971770304,False
2025-05,D70,Grunfeld Defense,2000,7367,1050,7009,15426,0.4775703357967069,False
2025-06,D70,Grunfeld Defense,2000,7491,1079,7046,15616,0.47970030737704916,False
2025-07,D70,Grunfeld Defense,2000,7465,1086,7478,16029,0.46571838542641464,False
2025-08,D70,Grunfeld Defense,2000,7473,1075,7262,15810,0.47267552182163186,False
2025-09,D70,Grunfeld Defense,2000,6931,975,6913,14819,0.46771037181996084,False
2025-10,D70,Grunfeld Defense,2000,7297,1053,7143,15493,0.4709868973084619,False
2025-11,D70,Grunfeld Defense,2000,6997,1050,6911,14958,0.4677764407006284,False
2025-12,D70,Grunfeld Defense,2000,7575,1086,7393,16054,0.47184502304721565,False
2026-01,D70,Grunfeld Defense,2000,7292,1065,7031,15388,0.4738757473355862,False
2026-02,D70,Grunfeld Defense,2000,6525,981,6429,13935,0.4682454251883746,False
2026-03,D70,Grunfeld Defense,2000,6863,995,6629,14487,0.4737350728239111,False
2023-01,E20,Nimzo-Indian Defense,2000,15785,1846,15353,32984,0.47856536502546687,False
2023-02,E20,Nimzo-Indian Defense,2000,14034,1585,13576,29195,0.48069874978592225,False
2023-03,E20,Nimzo-Indian Defense,2000,14974,1745,14553,31272,0.47883090304425685,False
2023-04,E20,Nimzo-Indian Defense,2000,15085,1781,14571,31437,0.4798485860610109,False
2023-05,E20,Nimzo-Indian Defense,2000,16133,1877,15374,33384,0.4832554517133956,False
2023-06,E20,Nimzo-Indian Defense,2000,14875,1653,14240,30768,0.4834568382735309,False
2023-07,E20,Nimzo-Indian Defense,2000,14990,1618,14247,30855,0.48582077459082806,False
2023-08,E20,Nimzo-Indian Defense,2000,14749,1704,14172,30625,0.4816,False
2023-09,E20,Nimzo-Indian Defense,2000,14010,1634,13384,29028,0.482637453493179,False
2023-10,E20,Nimzo-Indian Defense,2000,13999,1579,13635,29213,0.4792044637661315,False
2023-11,E20,Nimzo-Indian Defense,2000,14076,1654,13528,29258,0.48109918654726913,False
2023-12,E20,Nimzo-Indian Defense,2000,14322,1653,13924,29899,0.4790126760092311,False
2024-01,E20,Nimzo-Indian Defense,2000,14689,1731,14077,30497,0.4816539331737548,False
2024-02,E20,Nimzo-Indian Defense,2000,13318,1491,12774,27583,0.4828336294094188,False
2024-03,E20,Nimzo-Indian Defense,2000,13774,1603,13660,29037,0.4743602989289527,False
2024-04,E20,Nimzo-Indian Defense,2000,13344,1541,12874,27759,0.48070895925645735,False
2024-05,E20,Nimzo-Indian Defense,2000,14175,1557,13412,29144,0.4863779851770519,False
2024-06,E20,Nimzo-Indian Defense,2000,13234,1570,12652,27456,0.48200757575757575,False
2024-07,E20,Nimzo-Indian Defense,2000,13437,1553,12720,27710,0.4849151930710935,False
2024-08,E20,Nimzo-Indian Defense,2000,13867,1595,13193,28655,0.4839295061943814,False
2024-09,E20,Nimzo-Indian Defense,2000,13168,1517,12652,27337,0.48169148041116433,False
2024-10,E20,Nimzo-Indian Defense,2000,13402,1550,12868,27820,0.48173975557153126,False
2024-11,E20,Nimzo-Indian Defense,2000,12659,1506,12082,26247,0.48230273936068885,False
2024-12,E20,Nimzo-Indian Defense,2000,13850,1661,13352,28863,0.47985309912344526,False
2025-01,E20,Nimzo-Indian Defense,2000,14100,1655,13448,29203,0.48282710680409546,False
2025-02,E20,Nimzo-Indian Defense,2000,12541,1487,11926,25954,0.48320104800801417,False
2025-03,E20,Nimzo-Indian Defense,2000,13608,1706,13411,28725,0.473733681462141,False
2025-04,E20,Nimzo-Indian Defense,2000,12431,1501,11845,25777,0.48225161966093805,False
2025-05,E20,Nimzo-Indian Defense,2000,12989,1493,12395,26877,0.48327566320645904,False
2025-06,E20,Nimzo-Indian Defense,2000,12117,1449,11895,25461,0.4759043242606339,False
2025-07,E20,Nimzo-Indian Defense,2000,13379,1534,12557,27470,0.48704040771751,False
2025-08,E20,Nimzo-Indian Defense,2000,12686,1477,12365,26528,0.47821170084439085,False
2025-09,E20,Nimzo-Indian Defense,2000,12113,1395,11541,25049,0.4835721984909577,False
2025-10,E20,Nimzo-Indian Defense,2000,12591,1437,11959,25987,0.484511486512487,False
2025-11,E20,Nimzo-Indian Defense,2000,12318,1384,11669,25371,0.4855149580229396,False
2025-12,E20,Nimzo-Indian Defense,2000,12791,1493,12470,26754,0.478096733198774,False
2026-01,E20,Nimzo-Indian Defense,2000,13008,1481,12219,26708,0.487045080125805,False
2026-02,E20,Nimzo-Indian Defense,2000,11705,1394,10921,24020,0.4873022481265612,False
2026-03,E20,Nimzo-Indian Defense,2000,12057,1415,11324,24796,0.4862477819003065,False
2023-01,E60,King's Indian Defense,2000,22495,2329,21268,46092,0.48804564783476523,False
2023-02,E60,King's Indian Defense,2000,20554,2144,19246,41944,0.4900343314896052,False
2023-03,E60,King's Indian Defense,2000,22317,2397,20853,45567,0.4897623280005267,False
2023-04,E60,King's Indian Defense,2000,21595,2295,20235,44125,0.48940509915014163,False
2023-05,E60,King's Indian Defense,2000,22231,2409,21296,45936,0.483955938697318,False
2023-06,E60,King's Indian Defense,2000,20610,2116,19773,42499,0.4849525871196969,False
2023-07,E60,King's Indian Defense,2000,20712,2188,19757,42657,0.4855475068570223,False
2023-08,E60,King's Indian Defense,2000,20832,2111,19753,42696,0.48791455874086564,False
2023-09,E60,King's Indian Defense,2000,20037,2100,18719,40856,0.49042980223223026,False
2023-10,E60,King's Indian Defense,2000,20436,2161,19280,41877,0.4880005731069561,False
2023-11,E60,King's Indian Defense,2000,20143,2119,18529,40791,0.49380990904856464,False
2023-12,E60,King's Indian Defense,2000,20662,2262,19315,42239,0.4891687776699259,False
2024-01,E60,King's Indian Defense,2000,20531,2274,19268,42073,0.4879851686354669,False
2024-02,E60,King's Indian Defense,2000,18906,2098,18024,39028,0.484421441016706,False
2024-03,E60,King's Indian Defense,2000,19635,2074,18720,40429,0.4856662296866111,False
2024-04,E60,King's Indian Defense,2000,18655,2009,17604,38268,0.48748301452911047,False
2024-05,E60,King's Indian Defense,2000,19828,2173,18524,40525,0.48927822331893894,False
2024-06,E60,King's Indian Defense,2000,18515,1999,17568,38082,0.48618770022582847,False
2024-07,E60,King's Indian Defense,2000,18926,2063,17557,38546,0.4909977688994967,False
2024-08,E60,King's Indian Defense,2000,19332,2149,18185,39666,0.48736953562244745,False
2024-09,E60,King's Indian Defense,2000,18137,1979,17189,37305,0.4861814770138051,False
2024-10,E60,King's Indian Defense,2000,18544,1903,17495,37942,0.4887459807073955,False
2024-11,E60,King's Indian Defense,2000,17797,1949,16848,36594,0.4863365579056676,False
2024-12,E60,King's Indian Defense,2000,18733,2105,17687,38525,0.4862556781310837,False
2025-01,E60,King's Indian Defense,2000,19698,2180,18634,40512,0.4862263033175355,False
2025-02,E60,King's Indian Defense,2000,16543,1828,15825,34196,0.48377003158264126,False
2025-03,E60,King's Indian Defense,2000,18548,2044,17608,38200,0.4855497382198953,False
2025-04,E60,King's Indian Defense,2000,17402,1925,16231,35558,0.48939760391473086,False
2025-05,E60,King's Indian Defense,2000,18059,1984,17003,37046,0.48747503104248774,False
2025-06,E60,King's Indian Defense,2000,17378,1865,16589,35832,0.4849854878321054,False
2025-07,E60,King's Indian Defense,2000,17938,1883,16998,36819,0.4871941117357886,False
2025-08,E60,King's Indian Defense,2000,17731,1905,16606,36242,0.489239004469952,False
2025-09,E60,King's Indian Defense,2000,17113,1882,15817,34812,0.4915833620590601,False
2025-10,E60,King's Indian Defense,2000,18145,1978,16926,37049,0.4897568085508381,False
2025-11,E60,King's Indian Defense,2000,17098,1851,15754,34703,0.4926951560383829,False
2025-12,E60,King's Indian Defense,2000,17663,1917,16446,36026,0.49028479431521677,False
2026-01,E60,King's Indian Defense,2000,17287,1850,16220,35357,0.48892722798879995,False
2026-02,E60,King's Indian Defense,2000,15537,1720,14617,31874,0.48745058668507246,False
2026-03,E60,King's Indian Defense,2000,16663,1815,15579,34057,0.48926799189593917,False
